-- phpMyAdmin SQL Dump
-- version 5.0.4
-- https://www.phpmyadmin.net/
--
-- Host: 127.0.0.1
-- Generation Time: 01 أكتوبر 2021 الساعة 23:08
-- إصدار الخادم: 10.4.17-MariaDB
-- PHP Version: 8.0.2

SET SQL_MODE = "NO_AUTO_VALUE_ON_ZERO";
START TRANSACTION;
SET time_zone = "+00:00";


/*!40101 SET @OLD_CHARACTER_SET_CLIENT=@@CHARACTER_SET_CLIENT */;
/*!40101 SET @OLD_CHARACTER_SET_RESULTS=@@CHARACTER_SET_RESULTS */;
/*!40101 SET @OLD_COLLATION_CONNECTION=@@COLLATION_CONNECTION */;
/*!40101 SET NAMES utf8mb4 */;

--
-- Database: `students1443`
--

-- --------------------------------------------------------

--
-- بنية الجدول `failed_jobs`
--

CREATE TABLE `failed_jobs` (
  `id` bigint(20) UNSIGNED NOT NULL,
  `uuid` varchar(255) COLLATE utf8mb4_unicode_ci NOT NULL,
  `connection` text COLLATE utf8mb4_unicode_ci NOT NULL,
  `queue` text COLLATE utf8mb4_unicode_ci NOT NULL,
  `payload` longtext COLLATE utf8mb4_unicode_ci NOT NULL,
  `exception` longtext COLLATE utf8mb4_unicode_ci NOT NULL,
  `failed_at` timestamp NOT NULL DEFAULT current_timestamp()
) ENGINE=InnoDB DEFAULT CHARSET=utf8mb4 COLLATE=utf8mb4_unicode_ci;

-- --------------------------------------------------------

--
-- بنية الجدول `migrations`
--

CREATE TABLE `migrations` (
  `id` int(10) UNSIGNED NOT NULL,
  `migration` varchar(255) COLLATE utf8mb4_unicode_ci NOT NULL,
  `batch` int(11) NOT NULL
) ENGINE=InnoDB DEFAULT CHARSET=utf8mb4 COLLATE=utf8mb4_unicode_ci;

--
-- إرجاع أو استيراد بيانات الجدول `migrations`
--

INSERT INTO `migrations` (`id`, `migration`, `batch`) VALUES
(1, '2014_10_12_000000_create_users_table', 1),
(2, '2014_10_12_100000_create_password_resets_table', 1),
(3, '2014_10_12_200000_add_two_factor_columns_to_users_table', 1),
(4, '2019_08_19_000000_create_failed_jobs_table', 1),
(5, '2019_12_14_000001_create_personal_access_tokens_table', 1),
(6, '2021_09_29_174414_create_schools_table', 1),
(7, '2021_09_29_174428_create_students_table', 1),
(8, '2021_09_29_182154_create_sessions_table', 1);

-- --------------------------------------------------------

--
-- بنية الجدول `password_resets`
--

CREATE TABLE `password_resets` (
  `email` varchar(255) COLLATE utf8mb4_unicode_ci NOT NULL,
  `token` varchar(255) COLLATE utf8mb4_unicode_ci NOT NULL,
  `created_at` timestamp NULL DEFAULT NULL
) ENGINE=InnoDB DEFAULT CHARSET=utf8mb4 COLLATE=utf8mb4_unicode_ci;

-- --------------------------------------------------------

--
-- بنية الجدول `personal_access_tokens`
--

CREATE TABLE `personal_access_tokens` (
  `id` bigint(20) UNSIGNED NOT NULL,
  `tokenable_type` varchar(255) COLLATE utf8mb4_unicode_ci NOT NULL,
  `tokenable_id` bigint(20) UNSIGNED NOT NULL,
  `name` varchar(255) COLLATE utf8mb4_unicode_ci NOT NULL,
  `token` varchar(64) COLLATE utf8mb4_unicode_ci NOT NULL,
  `abilities` text COLLATE utf8mb4_unicode_ci DEFAULT NULL,
  `last_used_at` timestamp NULL DEFAULT NULL,
  `created_at` timestamp NULL DEFAULT NULL,
  `updated_at` timestamp NULL DEFAULT NULL
) ENGINE=InnoDB DEFAULT CHARSET=utf8mb4 COLLATE=utf8mb4_unicode_ci;

-- --------------------------------------------------------

--
-- بنية الجدول `schools`
--

CREATE TABLE `schools` (
  `id` bigint(20) UNSIGNED NOT NULL,
  `name` varchar(255) COLLATE utf8mb4_unicode_ci NOT NULL,
  `stage` varchar(255) COLLATE utf8mb4_unicode_ci NOT NULL,
  `created_at` timestamp NULL DEFAULT NULL,
  `updated_at` timestamp NULL DEFAULT NULL
) ENGINE=InnoDB DEFAULT CHARSET=utf8mb4 COLLATE=utf8mb4_unicode_ci;

--
-- إرجاع أو استيراد بيانات الجدول `schools`
--

INSERT INTO `schools` (`id`, `name`, `stage`, `created_at`, `updated_at`) VALUES
(1, 'ابتدائية مدارس شركة مستقبل الاحفاد الاهلية', 'ابتدائي', NULL, NULL),
(2, 'ابتدائية الأمير محمد بن ناصر', 'ابتدائي', NULL, NULL),
(3, 'ابتدائية الشواجرة', 'ابتدائي', NULL, NULL),
(4, 'ابتدائية الشيخ عيسى شماخي لتحفيظ القران الكريم بجازان', 'ابتدائي', NULL, NULL),
(5, 'ابتدائية المثنى بن حارثة', 'ابتدائي', NULL, NULL),
(6, 'ابتدائية المحمدية', 'ابتدائي', NULL, NULL),
(7, 'ابتدائية المعبوج', 'ابتدائي', NULL, NULL),
(8, 'ابتدائية المعرفه الأهلية', 'ابتدائي', NULL, NULL),
(9, 'ابتدائية الملك عبد العزيز', 'ابتدائي', NULL, NULL),
(10, 'ابتدائية الملك عبدالله بن عبدالعزيز', 'ابتدائي', NULL, NULL),
(11, 'ابتدائية بخشة', 'ابتدائي', NULL, NULL),
(12, 'ابتدائية دار التوحيد', 'ابتدائي', NULL, NULL),
(13, 'ابتدائية دحيقة', 'ابتدائي', NULL, NULL),
(14, 'ابتدائية سلمان الفارسي', 'ابتدائي', NULL, NULL),
(15, 'ابتدائية عبدالله بن عباس', 'ابتدائي', NULL, NULL),
(16, 'ابتدائية محلية', 'ابتدائي', NULL, NULL),
(17, 'ثانوية الأمير فيصل بن عبدالله', 'ثانوي', NULL, NULL),
(18, 'ثانوية الخوارزمي', 'ثانوي', NULL, NULL),
(19, 'ثانوية الرازي', 'ثانوي', NULL, NULL),
(20, 'ثانوية الروضة بجازان', 'ثانوي', NULL, NULL),
(21, 'ثانوية الشواجرة', 'ثانوي', NULL, NULL),
(22, 'ثانوية الكربوس', 'ثانوي', NULL, NULL),
(23, 'ثانوية المعرفة الأهلية', 'ثانوي', NULL, NULL),
(24, 'ثانوية الملك فهد بمحلية', 'ثانوي', NULL, NULL),
(25, 'ثانوية دحيقة', 'ثانوي', NULL, NULL),
(26, 'ثانوية عمير والخرادلة', 'ثانوي', NULL, NULL),
(27, 'ثانوية محمد بن علي السنوسي', 'ثانوي', NULL, NULL),
(28, 'ثانوية مستقبل الاحفاد الاهلية', 'ثانوي', NULL, NULL),
(29, 'ثانوية معاذ بن جبل', 'ثانوي', NULL, NULL),
(30, 'ثانوية منارات المجد الاهلية', 'ثانوي', NULL, NULL),
(31, 'متوسطة ابن سيناء', 'متوسط', NULL, NULL),
(32, 'متوسطة ابو بكر الصديق', 'متوسط', NULL, NULL),
(33, 'متوسطة الأمير محمد بن ناصر', 'متوسط', NULL, NULL),
(34, 'متوسطة الأندلس', 'متوسط', NULL, NULL),
(35, 'متوسطة الشواجرة', 'متوسط', NULL, NULL),
(36, 'متوسطة الصفا', 'متوسط', NULL, NULL),
(37, 'متوسطة الفقهاء', 'متوسط', NULL, NULL),
(38, 'متوسطة الملك فهد بمحلية', 'متوسط', NULL, NULL),
(39, 'متوسطة تحفيظ القران الكريم بجازان', 'متوسط', NULL, NULL),
(40, 'متوسطة حي الروضة', 'متوسط', NULL, NULL),
(41, 'متوسطة دار التوحيد', 'متوسط', NULL, NULL),
(42, 'متوسطة دحيقة', 'متوسط', NULL, NULL),
(43, 'متوسطة رياض جازان العالمية', 'متوسط', NULL, NULL),
(44, 'متوسطة سلمان الفارسي', 'متوسط', NULL, NULL),
(45, 'متوسطة عمير والخرادلة', 'متوسط', NULL, NULL),
(46, 'متوسطة محمد بن علي السنوسي', 'متوسط', NULL, NULL),
(47, 'متوسطة منارات المجد الأهلية', 'متوسط', NULL, NULL);

-- --------------------------------------------------------

--
-- بنية الجدول `sessions`
--

CREATE TABLE `sessions` (
  `id` varchar(255) COLLATE utf8mb4_unicode_ci NOT NULL,
  `user_id` bigint(20) UNSIGNED DEFAULT NULL,
  `ip_address` varchar(45) COLLATE utf8mb4_unicode_ci DEFAULT NULL,
  `user_agent` text COLLATE utf8mb4_unicode_ci DEFAULT NULL,
  `payload` text COLLATE utf8mb4_unicode_ci NOT NULL,
  `last_activity` int(11) NOT NULL
) ENGINE=InnoDB DEFAULT CHARSET=utf8mb4 COLLATE=utf8mb4_unicode_ci;

-- --------------------------------------------------------

--
-- بنية الجدول `students`
--

CREATE TABLE `students` (
  `id` bigint(20) UNSIGNED NOT NULL,
  `name` varchar(255) COLLATE utf8mb4_unicode_ci NOT NULL,
  `school_id` bigint(20) UNSIGNED NOT NULL,
  `class` varchar(255) COLLATE utf8mb4_unicode_ci NOT NULL,
  `stage` varchar(255) COLLATE utf8mb4_unicode_ci NOT NULL,
  `mobile` varchar(255) COLLATE utf8mb4_unicode_ci DEFAULT NULL,
  `status` tinyint(1) NOT NULL DEFAULT 0,
  `created_at` timestamp NULL DEFAULT NULL,
  `updated_at` timestamp NULL DEFAULT NULL
) ENGINE=InnoDB DEFAULT CHARSET=utf8mb4 COLLATE=utf8mb4_unicode_ci;

--
-- إرجاع أو استيراد بيانات الجدول `students`
--

INSERT INTO `students` (`id`, `name`, `school_id`, `class`, `stage`, `mobile`, `status`, `created_at`, `updated_at`) VALUES
(1, 'عصام عثمان علي عقيلي', 1, 'السادس الابتدائي', 'ابتدائي', '', 0, NULL, NULL),
(2, 'فيصل عبدالودود هادي مدخلي', 2, 'الخامس الابتدائي', 'ابتدائي', '', 0, NULL, NULL),
(3, 'محمد عبدالودود هادي محمد مدخلي', 2, 'الرابع الابتدائي', 'ابتدائي', '', 0, NULL, NULL),
(4, 'سعود عبدالله عبده شاجري', 3, 'الرابع الابتدائي', 'ابتدائي', '', 0, NULL, NULL),
(5, 'عبدالله مازن عقيل ابوشكور', 4, 'السادس الابتدائي', 'ابتدائي', '', 0, NULL, NULL),
(6, 'عبدالله محمد عبدالله القشيري الشهري', 4, 'الرابع الابتدائي', 'ابتدائي', '', 0, NULL, NULL),
(7, 'عبداللطيف علي هادي الراجحي', 4, 'الرابع الابتدائي', 'ابتدائي', '', 0, NULL, NULL),
(8, 'يزن حسن عثمان غليسي', 5, 'الخامس الابتدائي', 'ابتدائي', '', 0, NULL, NULL),
(9, 'الأيهم يحي مساوي قرموش', 6, 'الخامس الابتدائي', 'ابتدائي', '', 0, NULL, NULL),
(10, 'خالد عثمان بن محمد عبده', 7, 'الرابع الابتدائي', 'ابتدائي', '', 0, NULL, NULL),
(11, 'أحمد ناصر محمد عبدالجبار', 8, 'الخامس الابتدائي', 'ابتدائي', '', 0, NULL, NULL),
(12, 'عبدالله رياض خالد محمد الدلقان', 9, 'السادس الابتدائي', 'ابتدائي', '', 0, NULL, NULL),
(13, 'تركي مشتاق عبدالله دويري', 9, 'الخامس الابتدائي', 'ابتدائي', '', 0, NULL, NULL),
(14, 'أحمد عبدالرحمن عبدربه ابراهيم جعفر', 10, 'الرابع الابتدائي', 'ابتدائي', '', 0, NULL, NULL),
(15, 'عبدالعزيز صالح عبدالرحمن بركات', 10, 'الرابع الابتدائي', 'ابتدائي', '', 0, NULL, NULL),
(16, 'الياس محمد علي فقيهي', 11, 'الخامس الابتدائي', 'ابتدائي', '', 0, NULL, NULL),
(17, 'احمد غسان احمد شيخين', 12, 'الخامس الابتدائي', 'ابتدائي', '', 0, NULL, NULL),
(18, 'معن صابر عبده زيلع', 12, 'الخامس الابتدائي', 'ابتدائي', '', 0, NULL, NULL),
(19, 'الياس ضاحي احمد خصوي', 13, 'الخامس الابتدائي', 'ابتدائي', '', 0, NULL, NULL),
(20, 'آسر محمد ابن عبدالله ال داحش الغامدي', 14, 'السادس الابتدائي', 'ابتدائي', '', 0, NULL, NULL),
(21, 'زياد احمد حسن الهلالي', 15, 'الخامس الابتدائي', 'ابتدائي', '', 0, NULL, NULL),
(22, 'احمد صبري علي فياض', 15, 'السادس الابتدائي', 'ابتدائي', '', 0, NULL, NULL),
(23, 'ايهاب صلاح الدين مهدي غابي', 16, 'السادس الابتدائي', 'ابتدائي', '', 0, NULL, NULL),
(24, 'وسام بدر علي عقيل آل ابراهيم', 16, 'السادس الابتدائي', 'ابتدائي', '', 0, NULL, NULL),
(25, 'ليث يحي علي عقيل أل ابراهيم', 16, 'الرابع الابتدائي', 'ابتدائي', '', 0, NULL, NULL),
(26, 'عبدالعزيز فهد بن عبدالله حمدي', 1, 'الخامس الابتدائي', 'ابتدائي', '', 0, NULL, NULL),
(27, 'حسين محمد حسين مرقامي', 17, 'الثاني الثانوي', 'ثانوي', '', 0, NULL, NULL),
(28, 'ابراهيم محمد ابراهيم حداد', 17, 'الثالث الثانوي', 'ثانوي', '', 0, NULL, NULL),
(29, 'سلمان فاضل بن سلمان العبدالله', 17, 'الثاني الثانوي', 'ثانوي', '', 0, NULL, NULL),
(30, 'عبدالغني محمود عبدالغني زيوانه', 17, 'الأول الثانوي', 'ثانوي', '', 0, NULL, NULL),
(31, 'موسى علي موسي خلوفي مقري', 18, 'الثالث الثانوي', 'ثانوي', '', 0, NULL, NULL),
(32, 'عمار ماجد محمد علي غوي', 18, 'الثالث الثانوي', 'ثانوي', '', 0, NULL, NULL),
(33, 'زياد طارق احمد احمد رحماني', 18, 'الثالث الثانوي', 'ثانوي', '', 0, NULL, NULL),
(34, 'محمد عبدالرحمن بن مساوى راجحي', 18, 'الثاني الثانوي', 'ثانوي', '', 0, NULL, NULL),
(35, 'محمد فواز محمد سعودي حمدي', 18, 'الثاني الثانوي', 'ثانوي', '', 0, NULL, NULL),
(36, 'معاذ ابراهيم ناصر ابوالزوايد', 18, 'الثاني الثانوي', 'ثانوي', '', 0, NULL, NULL),
(37, 'ماجد ياسر عبده المسرحي', 18, 'الثاني الثانوي', 'ثانوي', '', 0, NULL, NULL),
(38, 'حمزه ابراهيم يحي زميم', 18, 'الثاني الثانوي', 'ثانوي', '', 0, NULL, NULL),
(39, 'عبدالله خالد عبدالله القحطاني', 18, 'الثاني الثانوي', 'ثانوي', '', 0, NULL, NULL),
(40, 'أواب حسن احمد الفيفي', 18, 'الثاني الثانوي', 'ثانوي', '', 0, NULL, NULL),
(41, 'عبدالرحمن ماجد عبدالله القحطاني', 18, 'الثاني الثانوي', 'ثانوي', '', 0, NULL, NULL),
(42, 'يزن ايمن عمر هادي', 18, 'الثاني الثانوي', 'ثانوي', '', 0, NULL, NULL),
(43, 'تركي علي عبدالله الدهيس العمري', 18, 'الأول الثانوي', 'ثانوي', '', 0, NULL, NULL),
(44, 'وافي عبدالله علي آل راقع الشهراني', 18, 'الأول الثانوي', 'ثانوي', '', 0, NULL, NULL),
(45, 'مالك ابراهيم ناصر ابوالزوايد', 18, 'الأول الثانوي', 'ثانوي', '', 0, NULL, NULL),
(46, 'يزن حسين حسن باجحنون', 18, 'الأول الثانوي', 'ثانوي', '', 0, NULL, NULL),
(47, 'آسر احمد محمد مجلي', 18, 'الأول الثانوي', 'ثانوي', '', 0, NULL, NULL),
(48, 'محمد عبدالرحمن ابوطالب بهكلى', 18, 'الثاني الثانوي', 'ثانوي', '', 0, NULL, NULL),
(49, 'محمد اشرف عبدالصمد عقيل احمد', 18, 'الأول الثانوي', 'ثانوي', '', 0, NULL, NULL),
(50, 'نديم حسن عبدالرحمن مشهور حمدي', 19, 'الثاني الثانوي', 'ثانوي', '', 0, NULL, NULL),
(51, 'عبدالله علي عبدالله الغامدي', 19, 'الثالث الثانوي', 'ثانوي', '', 0, NULL, NULL),
(52, 'محمد حامد عبدالله آل عمر الاحمري', 19, 'الثالث الثانوي', 'ثانوي', '', 0, NULL, NULL),
(53, 'البراء توفيق ابكر ال عقيل', 19, 'الثاني الثانوي', 'ثانوي', '', 0, NULL, NULL),
(54, 'راشد طلال علي شعبي', 19, 'الثاني الثانوي', 'ثانوي', '', 0, NULL, NULL),
(55, 'علاء عبدالله محمد زيلع', 19, 'الثاني الثانوي', 'ثانوي', '', 0, NULL, NULL),
(56, 'محمد بندر محمد الزهراني', 19, 'الثاني الثانوي', 'ثانوي', '', 0, NULL, NULL),
(57, 'فيصل عبدالله يحي الداثري', 19, 'الأول الثانوي', 'ثانوي', '', 0, NULL, NULL),
(58, 'عبد الله محمد ياسين محمود برمو', 19, 'الثالث الثانوي', 'ثانوي', '', 0, NULL, NULL),
(59, 'محمد هانى محمد بدوى', 19, 'الثالث الثانوي', 'ثانوي', '', 0, NULL, NULL),
(60, 'معاذ هاني محمد هاني', 19, 'الثاني الثانوي', 'ثانوي', '', 0, NULL, NULL),
(61, 'سلمان محمد ياسين محمود برمو', 19, 'الثالث الثانوي', 'ثانوي', '', 0, NULL, NULL),
(62, 'يوسف الشافعي عفيف شلف', 19, 'الثاني الثانوي', 'ثانوي', '', 0, NULL, NULL),
(63, 'خالد محمد اسماعيل فرج', 19, 'الثاني الثانوي', 'ثانوي', '', 0, NULL, NULL),
(64, 'اديب مدحت بن حسن سليماني', 20, 'الثالث الثانوي', 'ثانوي', '', 0, NULL, NULL),
(65, 'زياد علي حسن فاتك خرمي', 20, 'الثاني الثانوي', 'ثانوي', '', 0, NULL, NULL),
(66, 'حسام علي درويش درويش', 20, 'الثالث الثانوي', 'ثانوي', '', 0, NULL, NULL),
(67, 'عمر صالح عمر بخضر', 20, 'الأول الثانوي', 'ثانوي', '', 0, NULL, NULL),
(68, 'حمد محمد حمد شاجري', 21, 'الثاني الثانوي', 'ثانوي', '', 0, NULL, NULL),
(69, 'بدر شعبان حمد محه شاجري', 21, 'الأول الثانوي', 'ثانوي', '', 0, NULL, NULL),
(70, 'ريان يحيى احمد مسملي', 22, 'الثالث الثانوي', 'ثانوي', '', 0, NULL, NULL),
(71, 'ثامر علي بن محسن عقيلي', 22, 'الثاني الثانوي', 'ثانوي', '', 0, NULL, NULL),
(72, 'نايف احمد حسن ابوطالب', 22, 'الثاني الثانوي', 'ثانوي', '', 0, NULL, NULL),
(73, 'أحمد محمد ابراهيم درويش', 22, 'الأول الثانوي', 'ثانوي', '', 0, NULL, NULL),
(74, 'مالك علي ادريس سويدي', 22, 'الأول الثانوي', 'ثانوي', '', 0, NULL, NULL),
(75, 'فيصل هيثم طلال بكري', 23, 'الثالث الثانوي', 'ثانوي', '', 0, NULL, NULL),
(76, 'عاصم محمد منصور حمزي', 23, 'الثاني الثانوي', 'ثانوي', '', 0, NULL, NULL),
(77, 'أوس يحي محمد حكمي', 23, 'الثاني الثانوي', 'ثانوي', '', 0, NULL, NULL),
(78, 'ثامر يحي محمد محمد كرشمي', 23, 'الثاني الثانوي', 'ثانوي', '', 0, NULL, NULL),
(79, 'بسام عادل بن هادي آل الهادي', 23, 'الثاني الثانوي', 'ثانوي', '', 0, NULL, NULL),
(80, 'سعيد عبدالاله سعيد القحطاني', 23, 'الأول الثانوي', 'ثانوي', '', 0, NULL, NULL),
(81, 'انس صالح محمد الناخبي', 23, 'الثالث الثانوي', 'ثانوي', '', 0, NULL, NULL),
(82, 'محمد اشرف محمد فرحان', 23, 'الثالث الثانوي', 'ثانوي', '', 0, NULL, NULL),
(83, 'بدر يحي علي عقيل أل ابراهيم', 24, 'الثالث الثانوي', 'ثانوي', '', 0, NULL, NULL),
(84, 'أنس حسين ابراهيم عقيل', 24, 'الثالث الثانوي', 'ثانوي', '', 0, NULL, NULL),
(85, 'أسامه محمد حمد الال', 24, 'الثاني الثانوي', 'ثانوي', '', 0, NULL, NULL),
(86, 'مهند حسين يعقوب عقيل آل ابراهيم', 24, 'الأول الثانوي', 'ثانوي', '', 0, NULL, NULL),
(87, 'فارس موسى خلوفي مقري', 25, 'الثاني الثانوي', 'ثانوي', '', 0, NULL, NULL),
(88, 'مطلق علي محمد مقري', 25, 'الأول الثانوي', 'ثانوي', '', 0, NULL, NULL),
(89, 'زياد احمد علي عسل حكمي', 25, 'الأول الثانوي', 'ثانوي', '', 0, NULL, NULL),
(90, 'عبدالرحمن محمد يحي الفيفي', 25, 'الأول الثانوي', 'ثانوي', '', 0, NULL, NULL),
(91, 'لؤي علي بن احمد هزازي', 26, 'الثاني الثانوي', 'ثانوي', '', 0, NULL, NULL),
(92, 'محمد بندر سعد القحطاني', 26, 'الثاني الثانوي', 'ثانوي', '', 0, NULL, NULL),
(93, 'معاذ ابوزيد بن ياسين عقيلي', 27, 'الثالث الثانوي', 'ثانوي', '', 0, NULL, NULL),
(94, 'عزام يحيى بن ادريس سويدي', 27, 'الثاني الثانوي', 'ثانوي', '', 0, NULL, NULL),
(95, 'أيمن عبدالله احمد يعشوت', 27, 'الأول الثانوي', 'ثانوي', '', 0, NULL, NULL),
(96, 'نواف عثمان محمد صليع', 27, 'الأول الثانوي', 'ثانوي', '', 0, NULL, NULL),
(97, 'محمد رضا محمد صباح', 28, 'الثاني الثانوي', 'ثانوي', '', 0, NULL, NULL),
(98, 'نايف يحي مفرح الفيفي', 29, 'الثالث الثانوي', 'ثانوي', '', 0, NULL, NULL),
(99, 'عبدالعزيز مرعي ابن غيثان العمري', 29, 'الثالث الثانوي', 'ثانوي', '', 0, NULL, NULL),
(100, 'ريان محمد علي حكمي', 29, 'الثالث الثانوي', 'ثانوي', '', 0, NULL, NULL),
(101, 'محمد سامي محمد جربحي مجربي', 29, 'الثالث الثانوي', 'ثانوي', '', 0, NULL, NULL),
(102, 'سامر ياسر بن محمد الشيخ', 29, 'الثالث الثانوي', 'ثانوي', '', 0, NULL, NULL),
(103, 'حسام سالم زاهر ال صيوي الشهري', 29, 'الثالث الثانوي', 'ثانوي', '', 0, NULL, NULL),
(104, 'عمرو عثمان ابوشمله عثمان حنكيش', 29, 'الثالث الثانوي', 'ثانوي', '', 0, NULL, NULL),
(105, 'طارق علي محمد الاسمري', 29, 'الثالث الثانوي', 'ثانوي', '', 0, NULL, NULL),
(106, 'حسن وديع احمد عمشان', 29, 'الثاني الثانوي', 'ثانوي', '', 0, NULL, NULL),
(107, 'عبدالرحمن محمد محسن سهلي', 29, 'الثاني الثانوي', 'ثانوي', '', 0, NULL, NULL),
(108, 'معاذ جمال غالب حداد', 29, 'الثاني الثانوي', 'ثانوي', '', 0, NULL, NULL),
(109, 'علي احمد اسماعيل زين', 29, 'الثاني الثانوي', 'ثانوي', '', 0, NULL, NULL),
(110, 'فيصل حسن يحيي الودعاني', 29, 'الثاني الثانوي', 'ثانوي', '', 0, NULL, NULL),
(111, 'عمر محمد علي مبارك زيلع', 29, 'الثاني الثانوي', 'ثانوي', '', 0, NULL, NULL),
(112, 'أحمد محمد احمد جلاجل', 29, 'الثاني الثانوي', 'ثانوي', '', 0, NULL, NULL),
(113, 'عدنان ابراهيم سالم السبيعي', 29, 'الثاني الثانوي', 'ثانوي', '', 0, NULL, NULL),
(114, 'عبدالله عاطف عبدالله غليله', 29, 'الثاني الثانوي', 'ثانوي', '', 0, NULL, NULL),
(115, 'عبدالمجيد محمد عبدالرحمن ابوعرب', 29, 'الثاني الثانوي', 'ثانوي', '', 0, NULL, NULL),
(116, 'علي اسماعيل علي بكري', 29, 'الثاني الثانوي', 'ثانوي', '', 0, NULL, NULL),
(117, 'ريان محمد بن عبدالله آل صالح العمري', 29, 'الثاني الثانوي', 'ثانوي', '', 0, NULL, NULL),
(118, 'الرازي عبدالله عبده حدادي', 29, 'الثالث الثانوي', 'ثانوي', '', 0, NULL, NULL),
(119, 'محمد حمد بن محمد جهوي', 29, 'الثاني الثانوي', 'ثانوي', '', 0, NULL, NULL),
(120, 'عمر فريد بن محمد جربوع', 29, 'الثاني الثانوي', 'ثانوي', '', 0, NULL, NULL),
(121, 'عبدالله فهد بن عبدالله حمدي', 29, 'الثاني الثانوي', 'ثانوي', '', 0, NULL, NULL),
(122, 'صالح احمد عبدالله زيدان', 29, 'الثاني الثانوي', 'ثانوي', '', 0, NULL, NULL),
(123, 'عبدالعزيز احمد علي ابوطالب', 29, 'الثاني الثانوي', 'ثانوي', '', 0, NULL, NULL),
(124, 'أنس سويد بن درويش القرني', 29, 'الثاني الثانوي', 'ثانوي', '', 0, NULL, NULL),
(125, 'حسام حسن ابن علي الجمعه العيسي', 29, 'الثاني الثانوي', 'ثانوي', '', 0, NULL, NULL),
(126, 'المثنى احمد علي ابوشرحه', 29, 'الثالث الثانوي', 'ثانوي', '', 0, NULL, NULL),
(127, 'محمد عثمان محمد حكمي', 29, 'الثاني الثانوي', 'ثانوي', '', 0, NULL, NULL),
(128, 'ايهاب فلاح منصور آل خيرات', 29, 'الأول الثانوي', 'ثانوي', '', 0, NULL, NULL),
(129, 'احمد حيدر بن محمد الشريف طالبي', 29, 'الثاني الثانوي', 'ثانوي', '', 0, NULL, NULL),
(130, 'وسام اكرم علي حمد زيلعي', 29, 'الأول الثانوي', 'ثانوي', '', 0, NULL, NULL),
(131, 'أنس حمزه بن عبده محمد زيلعي', 29, 'الأول الثانوي', 'ثانوي', '', 0, NULL, NULL),
(132, 'أريب مهدي محمد رشاد حكمي', 29, 'الأول الثانوي', 'ثانوي', '', 0, NULL, NULL),
(133, 'علي أحمد علي ابودشيله معشي', 29, 'الأول الثانوي', 'ثانوي', '', 0, NULL, NULL),
(134, 'عبدالملك ناصر هادي أيوب', 29, 'الأول الثانوي', 'ثانوي', '', 0, NULL, NULL),
(135, 'احمد محمد احمد هزازي', 29, 'الأول الثانوي', 'ثانوي', '', 0, NULL, NULL),
(136, 'نايف محمد احمد زارع عقيل', 29, 'الأول الثانوي', 'ثانوي', '', 0, NULL, NULL),
(137, 'تركي علي ابراهيم زيلعي', 29, 'الثالث الثانوي', 'ثانوي', '', 0, NULL, NULL),
(138, 'اصيل فيصل احمد منصوب', 29, 'الثاني الثانوي', 'ثانوي', '', 0, NULL, NULL),
(139, 'جمعان عوض بن احمد الخزمري الزهراني', 30, 'الثاني الثانوي', 'ثانوي', '', 0, NULL, NULL),
(140, 'اسامه موسى جابر الأمير', 30, 'الأول الثانوي', 'ثانوي', '', 0, NULL, NULL),
(141, 'علي احمد علي مغفوري', 31, 'الثالث المتوسط', 'متوسط', '', 0, NULL, NULL),
(142, 'راشد عمر قاسم كلفوت', 31, 'الثاني المتوسط', 'متوسط', '', 0, NULL, NULL),
(143, 'صالح سامي عيسى طبيقي', 31, 'الأول المتوسط', 'متوسط', '', 0, NULL, NULL),
(144, 'محمد احمد علي صائغ', 32, 'الثالث المتوسط', 'متوسط', '', 0, NULL, NULL),
(145, 'عمر علي بن عمر حلوي', 32, 'الثالث المتوسط', 'متوسط', '', 0, NULL, NULL),
(146, 'محمد عبدالله محمد حكمى', 32, 'الثالث المتوسط', 'متوسط', '', 0, NULL, NULL),
(147, 'عبدالكريم عادل عبدالكريم زيلعي', 32, 'الثالث المتوسط', 'متوسط', '', 0, NULL, NULL),
(148, 'علي منصور علي ابوطالب', 32, 'الثالث المتوسط', 'متوسط', '', 0, NULL, NULL),
(149, 'مناف عبدالله عبدالله قيسي', 32, 'الثالث المتوسط', 'متوسط', '', 0, NULL, NULL),
(150, 'سليمان عاطف سليمان حوباني', 32, 'الثاني المتوسط', 'متوسط', '', 0, NULL, NULL),
(151, 'كرم عمرو حسن ال عمر', 32, 'الثاني المتوسط', 'متوسط', '', 0, NULL, NULL),
(152, 'حاتم سعيد محمد باسودان', 32, 'الثاني المتوسط', 'متوسط', '', 0, NULL, NULL),
(153, 'عبدالرحمن غلفان ابراهيم خرمي', 32, 'الثاني المتوسط', 'متوسط', '', 0, NULL, NULL),
(154, 'زياد ماجد علي احمد', 32, 'الثاني المتوسط', 'متوسط', '', 0, NULL, NULL),
(155, 'يزيد ماجد عبدالخالق الجدراوي الثبيتي', 33, 'الثاني المتوسط', 'متوسط', '', 0, NULL, NULL),
(156, 'اياد ابراهيم احمد حدادي', 33, 'الثاني المتوسط', 'متوسط', '', 0, NULL, NULL),
(157, 'تركي خالد عبدالله احمد', 33, 'الأول المتوسط', 'متوسط', '', 0, NULL, NULL),
(158, 'أحمد عبدالله احمد الحذيفي الشمراني', 34, 'الثالث المتوسط', 'متوسط', '', 0, NULL, NULL),
(159, 'آسر عثمان علي علي علاقي', 34, 'الأول المتوسط', 'متوسط', '', 0, NULL, NULL),
(160, 'يوسف علي احمد شاجري', 35, 'الثاني المتوسط', 'متوسط', '', 0, NULL, NULL),
(161, 'اسامه حسن ابن علي الجمعه العيسي', 36, 'الثاني المتوسط', 'متوسط', '', 0, NULL, NULL),
(162, 'أحمد جميل بن محمد زيلعي', 36, 'الثاني المتوسط', 'متوسط', '', 0, NULL, NULL),
(163, 'يامن محمد علي فقيهي', 37, 'الثاني المتوسط', 'متوسط', '', 0, NULL, NULL),
(164, 'علي حسين علي مروعي', 37, 'الثاني المتوسط', 'متوسط', '', 0, NULL, NULL),
(165, 'معاذ علي حمد زميم', 38, 'الثالث المتوسط', 'متوسط', '', 0, NULL, NULL),
(166, 'عبدالعزيز محمد مكي محلي', 38, 'الثالث المتوسط', 'متوسط', '', 0, NULL, NULL),
(167, 'ريان امجد بن محمد كاملي', 38, 'الثاني المتوسط', 'متوسط', '', 0, NULL, NULL),
(168, 'راكان حمد محمد الأل', 38, 'الثاني المتوسط', 'متوسط', '', 0, NULL, NULL),
(169, 'جواد عبدالله علي عشوي', 38, 'الأول المتوسط', 'متوسط', '', 0, NULL, NULL),
(170, 'عبدالله علي بن عبدالله ابراهيم', 38, 'الأول المتوسط', 'متوسط', '', 0, NULL, NULL),
(171, 'عبدالملك محمد حسن مشهور حمدي', 39, 'الثالث المتوسط', 'متوسط', '', 0, NULL, NULL),
(172, 'محمد سعيد رده العيسي', 39, 'الثاني المتوسط', 'متوسط', '', 0, NULL, NULL),
(173, 'علي محمد علي العمري', 39, 'الثاني المتوسط', 'متوسط', '', 0, NULL, NULL),
(174, 'أسامه محمد عبدالرحمن بركات', 39, 'الثاني المتوسط', 'متوسط', '', 0, NULL, NULL),
(175, 'عبدالملك محمد ظافر عطيف', 39, 'الثاني المتوسط', 'متوسط', '', 0, NULL, NULL),
(176, 'عبدالاله حسين جبران الشراحيلي', 40, 'الثالث المتوسط', 'متوسط', '', 0, NULL, NULL),
(177, 'عبدالعزيز خالد عبده محمد عريشي', 40, 'الثالث المتوسط', 'متوسط', '', 0, NULL, NULL),
(178, 'مشعل عبدالله احمد هجري', 40, 'الثاني المتوسط', 'متوسط', '', 0, NULL, NULL),
(179, 'فيصل عبدالكريم علي محمد آل عمر', 40, 'الثالث المتوسط', 'متوسط', '', 0, NULL, NULL),
(180, 'محمد بندر حسين الفيفي', 40, 'الثاني المتوسط', 'متوسط', '', 0, NULL, NULL),
(181, 'احمد عبدالوهاب بن حسين الأمير', 40, 'الثالث المتوسط', 'متوسط', '', 0, NULL, NULL),
(182, 'قاسم غازي قاسم حلواني', 40, 'الأول المتوسط', 'متوسط', '', 0, NULL, NULL),
(183, 'حسان محمد بن مساوى بحاري', 40, 'الأول المتوسط', 'متوسط', '', 0, NULL, NULL),
(184, 'أحمد محمد احمد محمد عريشي', 41, 'الثاني المتوسط', 'متوسط', '', 0, NULL, NULL),
(185, 'رامز حافظ فتح الدين دويري', 41, 'الثاني المتوسط', 'متوسط', '', 0, NULL, NULL),
(186, 'عبدالعزيز جميل احمد جعفر', 41, 'الثاني المتوسط', 'متوسط', '', 0, NULL, NULL),
(187, 'طارق عبده فتح الدين دويري', 41, 'الثاني المتوسط', 'متوسط', '', 0, NULL, NULL),
(188, 'مهند يحي جابر غالبي غزواني', 41, 'الأول المتوسط', 'متوسط', '', 0, NULL, NULL),
(189, 'نواف علي سعيد الجحدلي', 41, 'الثاني المتوسط', 'متوسط', '', 0, NULL, NULL),
(190, 'أحمد حسين احمد خلوفي مقري', 42, 'الثالث المتوسط', 'متوسط', '', 0, NULL, NULL),
(191, 'عادل مهدى ناصر حكمي', 42, 'الثاني المتوسط', 'متوسط', '', 0, NULL, NULL),
(192, 'البراء ضاحي احمد خصوي', 42, 'الثاني المتوسط', 'متوسط', '', 0, NULL, NULL),
(193, 'يحيى طلال يحي حكمي', 42, 'الثاني المتوسط', 'متوسط', '', 0, NULL, NULL),
(194, 'ابراهيم حسن ابراهيم مقري', 42, 'الثاني المتوسط', 'متوسط', '', 0, NULL, NULL),
(195, 'نادر عبدالقادر عيسى علي علاقي', 43, 'الثاني المتوسط', 'متوسط', '', 0, NULL, NULL),
(196, 'يزن علي حمد طميحي', 44, 'الثاني المتوسط', 'متوسط', '', 0, NULL, NULL),
(197, 'محمد عمر محمد دو', 45, 'الثاني المتوسط', 'متوسط', '', 0, NULL, NULL),
(198, 'عبدالرحمن محمد بحيص شعيبي', 45, 'الثاني المتوسط', 'متوسط', '', 0, NULL, NULL),
(199, 'محمد صالح احمد خردلي', 45, 'الثاني المتوسط', 'متوسط', '', 0, NULL, NULL),
(200, 'يزن عبدالله محمد صبياني', 46, 'الثاني المتوسط', 'متوسط', '', 0, NULL, NULL),
(201, 'بندر محمد احمد قرموش', 46, 'الأول المتوسط', 'متوسط', '', 0, NULL, NULL),
(202, 'علي هاني علي طوطيه', 46, 'الثاني المتوسط', 'متوسط', '', 0, NULL, NULL),
(203, 'نواف قاسم علي الحفاف', 46, 'الثاني المتوسط', 'متوسط', '', 0, NULL, NULL),
(204, 'أحمد عبده ابراهيم جعداري', 46, 'الثاني المتوسط', 'متوسط', '', 0, NULL, NULL),
(205, 'رياض فهد ياسين غشوم عقيلي', 46, 'الأول المتوسط', 'متوسط', '', 0, NULL, NULL),
(206, 'تركي عثمان محمد اسكندر', 46, 'الأول المتوسط', 'متوسط', '', 0, NULL, NULL),
(207, 'عبدالله يحيى ابن عبدالله آل عمامه القحطاني', 47, 'الثالث المتوسط', 'متوسط', '', 0, NULL, NULL),
(208, 'عبدالرحمن ايمن بن محمد مدخلي', 47, 'الأول المتوسط', 'متوسط', '', 0, NULL, NULL);

-- --------------------------------------------------------

--
-- بنية الجدول `users`
--

CREATE TABLE `users` (
  `id` bigint(20) UNSIGNED NOT NULL,
  `name` varchar(255) COLLATE utf8mb4_unicode_ci NOT NULL,
  `email` varchar(255) COLLATE utf8mb4_unicode_ci NOT NULL,
  `email_verified_at` timestamp NULL DEFAULT NULL,
  `password` varchar(255) COLLATE utf8mb4_unicode_ci NOT NULL,
  `two_factor_secret` text COLLATE utf8mb4_unicode_ci DEFAULT NULL,
  `two_factor_recovery_codes` text COLLATE utf8mb4_unicode_ci DEFAULT NULL,
  `remember_token` varchar(100) COLLATE utf8mb4_unicode_ci DEFAULT NULL,
  `current_team_id` bigint(20) UNSIGNED DEFAULT NULL,
  `profile_photo_path` varchar(2048) COLLATE utf8mb4_unicode_ci DEFAULT NULL,
  `created_at` timestamp NULL DEFAULT NULL,
  `updated_at` timestamp NULL DEFAULT NULL
) ENGINE=InnoDB DEFAULT CHARSET=utf8mb4 COLLATE=utf8mb4_unicode_ci;

--
-- Indexes for dumped tables
--

--
-- Indexes for table `failed_jobs`
--
ALTER TABLE `failed_jobs`
  ADD PRIMARY KEY (`id`),
  ADD UNIQUE KEY `failed_jobs_uuid_unique` (`uuid`);

--
-- Indexes for table `migrations`
--
ALTER TABLE `migrations`
  ADD PRIMARY KEY (`id`);

--
-- Indexes for table `password_resets`
--
ALTER TABLE `password_resets`
  ADD KEY `password_resets_email_index` (`email`);

--
-- Indexes for table `personal_access_tokens`
--
ALTER TABLE `personal_access_tokens`
  ADD PRIMARY KEY (`id`),
  ADD UNIQUE KEY `personal_access_tokens_token_unique` (`token`),
  ADD KEY `personal_access_tokens_tokenable_type_tokenable_id_index` (`tokenable_type`,`tokenable_id`);

--
-- Indexes for table `schools`
--
ALTER TABLE `schools`
  ADD PRIMARY KEY (`id`);

--
-- Indexes for table `sessions`
--
ALTER TABLE `sessions`
  ADD PRIMARY KEY (`id`),
  ADD KEY `sessions_user_id_index` (`user_id`),
  ADD KEY `sessions_last_activity_index` (`last_activity`);

--
-- Indexes for table `students`
--
ALTER TABLE `students`
  ADD PRIMARY KEY (`id`),
  ADD KEY `students_school_id_foreign` (`school_id`);

--
-- Indexes for table `users`
--
ALTER TABLE `users`
  ADD PRIMARY KEY (`id`),
  ADD UNIQUE KEY `users_email_unique` (`email`);

--
-- AUTO_INCREMENT for dumped tables
--

--
-- AUTO_INCREMENT for table `failed_jobs`
--
ALTER TABLE `failed_jobs`
  MODIFY `id` bigint(20) UNSIGNED NOT NULL AUTO_INCREMENT;

--
-- AUTO_INCREMENT for table `migrations`
--
ALTER TABLE `migrations`
  MODIFY `id` int(10) UNSIGNED NOT NULL AUTO_INCREMENT, AUTO_INCREMENT=9;

--
-- AUTO_INCREMENT for table `personal_access_tokens`
--
ALTER TABLE `personal_access_tokens`
  MODIFY `id` bigint(20) UNSIGNED NOT NULL AUTO_INCREMENT;

--
-- AUTO_INCREMENT for table `schools`
--
ALTER TABLE `schools`
  MODIFY `id` bigint(20) UNSIGNED NOT NULL AUTO_INCREMENT, AUTO_INCREMENT=48;

--
-- AUTO_INCREMENT for table `students`
--
ALTER TABLE `students`
  MODIFY `id` bigint(20) UNSIGNED NOT NULL AUTO_INCREMENT, AUTO_INCREMENT=256;

--
-- AUTO_INCREMENT for table `users`
--
ALTER TABLE `users`
  MODIFY `id` bigint(20) UNSIGNED NOT NULL AUTO_INCREMENT;

--
-- قيود الجداول المحفوظة
--

--
-- القيود للجدول `students`
--
ALTER TABLE `students`
  ADD CONSTRAINT `students_school_id_foreign` FOREIGN KEY (`school_id`) REFERENCES `schools` (`id`) ON DELETE CASCADE;
COMMIT;

/*!40101 SET CHARACTER_SET_CLIENT=@OLD_CHARACTER_SET_CLIENT */;
/*!40101 SET CHARACTER_SET_RESULTS=@OLD_CHARACTER_SET_RESULTS */;
/*!40101 SET COLLATION_CONNECTION=@OLD_COLLATION_CONNECTION */;
